<?xml version="1.0" encoding="UTF-8"?>
<project version="4">
  <component name="BookmarksTool">
    <option name="myTreeState">
      <TreeState />
    </option>
  </component>
  <component name="ChangeListManager">
    <list default="true" id="31b3aca8-32a4-40b0-be4c-b64709be4479" name="Default Changelist" comment="" />
    <option name="EXCLUDED_CONVERTED_TO_IGNORED" value="true" />
    <option name="SHOW_DIALOG" value="false" />
    <option name="HIGHLIGHT_CONFLICTS" value="true" />
    <option name="HIGHLIGHT_NON_ACTIVE_CHANGELIST" value="false" />
    <option name="LAST_RESOLUTION" value="IGNORE" />
  </component>
  <component name="ConsoleHistory">
    <option name="tabs">
      <list>
        <TabState>
          <option name="title" value="Console" />
          <tab>
            <model ref="b178efec-3057-4e72-a220-6d8a843888f5/r:0f7941af-485a-4bc7-a143-097afc50a81e(TempModuleb178efec-3057-4e72-a220-6d8a843888f5/TempModel_267927896424704)">
              <persistence version="9" />
              <languages>
                <devkit ref="70d3d6da-af63-483d-a75f-9c8acf8de332(jetbrains.mps.console.devkit)" />
              </languages>
              <imports />
              <registry>
                <language id="de1ad86d-6e50-4a02-b306-d4d17f64c375" name="jetbrains.mps.console.base">
                  <concept id="1583916890557930028" name="jetbrains.mps.console.base.structure.ConsoleRoot" flags="ng" index="aymSD">
                    <child id="1583916890557930415" name="history" index="aymYE" />
                    <child id="1583916890557930417" name="commandHolder" index="aymYO" />
                    <child id="9025248442620242919" name="cursor" index="1PhJh3" />
                  </concept>
                  <concept id="5758176878586720817" name="jetbrains.mps.console.base.structure.CommandHolderRef" flags="ng" index="2_V_lH">
                    <reference id="5758176878586720818" name="target" index="2_V_lI" />
                  </concept>
                  <concept id="351968380916615243" name="jetbrains.mps.console.base.structure.CommandHolder" flags="ng" index="2Clz$F" />
                  <concept id="757553790980850366" name="jetbrains.mps.console.base.structure.History" flags="ng" index="3balQm" />
                </language>
              </registry>
              <node concept="aymSD" id="CV8xhTwoM6">
                <node concept="3balQm" id="CV8xhTwoM7" role="aymYE" />
                <node concept="2Clz$F" id="CV8xhTwoM8" role="aymYO" />
                <node concept="2_V_lH" id="CV8xhTwoM9" role="1PhJh3">
                  <ref role="2_V_lI" node="CV8xhTwoM8" resolve="CommandHolder" />
                </node>
              </node>
            </model>
          </tab>
        </TabState>
      </list>
    </option>
  </component>
  <component name="DefaultSearchOptions3">
    <search_options>
      <finders>
        <finders />
      </finders>
      <scope>
        <scope_type scope_type="PROJECT" module="&lt;default&gt;" model="&lt;default&gt;" />
      </scope>
      <view>
        <flags show_one_result="true" new_tab="false" />
      </view>
    </search_options>
  </component>
  <component name="FileEditorManager">
    <leaf SIDE_TABS_SIZE_LIMIT_KEY="300">
      <file pinned="false" current-in-tab="true">
        <entry file="mps://node://SemanticTrelloBoard/SemanticTrelloBoard.sandbox/TrelloBoard">
          <provider selected="true" editor-type-id="MPSFileEditor">
            <state class="jetbrains.mps.ide.editor.BaseNodeEditor$BaseEditorState" editorFocused="true">
              <memento saveSessionState="false" viewPositionX="0" viewPositionY="0">
                <selectionStack>
                  <stackElement className="jetbrains.mps.nodeEditor.selection.EditorCellLabelSelection">
                    <property name="hasNonTrivialSelection" value="false" />
                    <property name="caretX" value="127" />
                    <property name="caretXRelative" value="48" />
                    <property name="sideSelectDirection" value="NONE" />
                    <cellInfo cellId="property_text">
                      <node node_reference="r:a418d041-d2c1-4201-8960-b0d9554f8a14(SemanticTrelloBoard.sandbox)/3823834025574740510" />
                    </cellInfo>
                  </stackElement>
                </selectionStack>
                <errorMarkers>
                  <errorMarker text="" propertyCell="true" cellId="property_value">
                    <node node_reference="r:a418d041-d2c1-4201-8960-b0d9554f8a14(SemanticTrelloBoard.sandbox)/2423104846496900679" />
                  </errorMarker>
                </errorMarkers>
                <transactionalProperties />
                <foldable />
                <restoreAlways />
              </memento>
              <inspectorMemento currentlyEditedNode="r:a418d041-d2c1-4201-8960-b0d9554f8a14(SemanticTrelloBoard.sandbox)/3823834025574740510" saveSessionState="false" viewPositionX="0" viewPositionY="0">
                <selectionStack />
                <errorMarkers />
                <transactionalProperties />
                <foldable />
                <restoreAlways />
                <enabledHints />
              </inspectorMemento>
            </state>
          </provider>
        </entry>
      </file>
      <file pinned="false" current-in-tab="false">
        <entry file="mps://node://SemanticTrelloBoard/SemanticTrelloBoard.sandbox/TrelloBoardDSL">
          <provider selected="true" editor-type-id="MPSFileEditor">
            <state class="jetbrains.mps.ide.editor.BaseNodeEditor$BaseEditorState">
              <memento saveSessionState="false" viewPositionX="0" viewPositionY="0">
                <selectionStack>
                  <stackElement className="jetbrains.mps.nodeEditor.selection.EditorCellLabelSelection">
                    <property name="hasNonTrivialSelection" value="false" />
                    <property name="caretX" value="303" />
                    <property name="caretXRelative" value="112" />
                    <property name="sideSelectDirection" value="NONE" />
                    <cellInfo cellId="property_name">
                      <node node_reference="r:a418d041-d2c1-4201-8960-b0d9554f8a14(SemanticTrelloBoard.sandbox)/4337647304562064708" />
                    </cellInfo>
                  </stackElement>
                </selectionStack>
                <errorMarkers />
                <transactionalProperties />
                <foldable />
                <restoreAlways />
              </memento>
              <inspectorMemento currentlyEditedNode="r:a418d041-d2c1-4201-8960-b0d9554f8a14(SemanticTrelloBoard.sandbox)/3823834025574740510" saveSessionState="false" viewPositionX="0" viewPositionY="0">
                <selectionStack />
                <errorMarkers />
                <transactionalProperties />
                <foldable />
                <restoreAlways />
                <enabledHints />
              </inspectorMemento>
            </state>
          </provider>
        </entry>
      </file>
    </leaf>
  </component>
  <component name="MPSBookmarkManager">
    <option name="myBookmarkInfos">
      <array>
        <BookmarkInfo />
        <BookmarkInfo />
        <BookmarkInfo />
        <BookmarkInfo />
        <BookmarkInfo />
        <BookmarkInfo />
        <BookmarkInfo />
        <BookmarkInfo />
        <BookmarkInfo />
        <BookmarkInfo />
      </array>
    </option>
  </component>
  <component name="ProjectFrameBounds">
    <option name="x" value="-7" />
    <option name="width" value="974" />
    <option name="height" value="1047" />
  </component>
  <component name="ProjectPluginManager">
    <option name="pluginsState">
      <option name="jetbrains.mps.baseLanguage.lightweightdsl.pluginSolution.plugin.PluginSolution_ProjectPlugin">
        <value>
          <PluginState />
        </value>
      </option>
      <option name="jetbrains.mps.editor.contextActionsTool.pluginSolution.plugin.PluginSolution_ProjectPlugin">
        <value>
          <PluginState />
        </value>
      </option>
      <option name="jetbrains.mps.execution.configurations.implementation.plugin.plugin.Plugin_ProjectPlugin">
        <value>
          <PluginState />
        </value>
      </option>
      <option name="jetbrains.mps.execution.configurations.pluginSolution.plugin.PluginSolution_ProjectPlugin">
        <value>
          <PluginState />
        </value>
      </option>
      <option name="jetbrains.mps.ide.actions.Ide_ProjectPlugin">
        <value>
          <PluginState>
            <option name="myComponentsState">
              <list>
                <ComponentState>
                  <option name="first" value="jetbrains.mps.ide.actions.BehaviorDialogsPersistentOptions_PreferencesComponent" />
                  <params>
                    <option name="addReturnsOnImplement" value="false" />
                    <option name="sortAlphabetically" value="false" />
                    <option name="removeAttributes" value="true" />
                  </params>
                </ComponentState>
              </list>
            </option>
          </PluginState>
        </value>
      </option>
      <option name="jetbrains.mps.ide.devkit.actions.Mpsdevkit_ProjectPlugin">
        <value>
          <PluginState />
        </value>
      </option>
      <option name="jetbrains.mps.ide.make.actions.Make_ProjectPlugin">
        <value>
          <PluginState />
        </value>
      </option>
      <option name="jetbrains.mps.vcs.mergehints.plugin.plugin.Plugin_ProjectPlugin">
        <value>
          <PluginState />
        </value>
      </option>
    </option>
  </component>
  <component name="ProjectView">
    <navigator proportions="" version="1">
      <foldersAlwaysOnTop value="true" />
    </navigator>
    <panes>
      <pane id="FileSystem" />
      <pane id="ProjectPane">
        <subPane>
          <PATH>
            <PATH_ELEMENT>
              <option name="myItemId" value="Project" />
              <option name="myItemType" value="" />
            </PATH_ELEMENT>
            <PATH_ELEMENT>
              <option name="myItemId" value="30533fb8-635d-4317-b9ae-cd7d39cadd81" />
              <option name="myItemType" value="" />
            </PATH_ELEMENT>
            <PATH_ELEMENT>
              <option name="myItemId" value="SemanticTrelloBoard" />
              <option name="myItemType" value="" />
            </PATH_ELEMENT>
            <PATH_ELEMENT>
              <option name="myItemId" value="r:a418d041-d2c1-4201-8960-b0d9554f8a14(SemanticTrelloBoard.sandbox) in IdeaFile[file://C:/Users/gav/ownCloud/SemanticTrelloBoard/prod_out/SemanticTrelloBoard/solutions/SemanticTrelloBoard/models/sandbox.mps]" />
              <option name="myItemType" value="" />
            </PATH_ELEMENT>
          </PATH>
          <PATH>
            <PATH_ELEMENT>
              <option name="myItemId" value="Project" />
              <option name="myItemType" value="" />
            </PATH_ELEMENT>
            <PATH_ELEMENT>
              <option name="myItemId" value="30533fb8-635d-4317-b9ae-cd7d39cadd81" />
              <option name="myItemType" value="" />
            </PATH_ELEMENT>
          </PATH>
          <PATH>
            <PATH_ELEMENT>
              <option name="myItemId" value="Project" />
              <option name="myItemType" value="" />
            </PATH_ELEMENT>
          </PATH>
          <PATH>
            <PATH_ELEMENT>
              <option name="myItemId" value="Project" />
              <option name="myItemType" value="" />
            </PATH_ELEMENT>
            <PATH_ELEMENT>
              <option name="myItemId" value="30533fb8-635d-4317-b9ae-cd7d39cadd81" />
              <option name="myItemType" value="" />
            </PATH_ELEMENT>
            <PATH_ELEMENT>
              <option name="myItemId" value="SemanticTrelloBoard" />
              <option name="myItemType" value="" />
            </PATH_ELEMENT>
          </PATH>
          <SELECTED>
            <PATH_ELEMENT>
              <option name="myItemId" value="Project" />
              <option name="myItemType" value="" />
            </PATH_ELEMENT>
            <PATH_ELEMENT>
              <option name="myItemId" value="30533fb8-635d-4317-b9ae-cd7d39cadd81" />
              <option name="myItemType" value="" />
            </PATH_ELEMENT>
            <PATH_ELEMENT>
              <option name="myItemId" value="SemanticTrelloBoard" />
              <option name="myItemType" value="" />
            </PATH_ELEMENT>
            <PATH_ELEMENT>
              <option name="myItemId" value="r:a418d041-d2c1-4201-8960-b0d9554f8a14(SemanticTrelloBoard.sandbox) in IdeaFile[file://C:/Users/gav/ownCloud/SemanticTrelloBoard/prod_out/SemanticTrelloBoard/solutions/SemanticTrelloBoard/models/sandbox.mps]" />
              <option name="myItemType" value="" />
            </PATH_ELEMENT>
            <PATH_ELEMENT>
              <option name="myItemId" value="8991610269464564989" />
              <option name="myItemType" value="" />
            </PATH_ELEMENT>
          </SELECTED>
        </subPane>
      </pane>
      <pane id="Favorites" />
    </panes>
  </component>
  <component name="PropertiesComponent">
    <property name="last_opened_file_path" value="$USER_HOME$/Downloads/Telegram Desktop/Trello d0sl (2)/Trello d0sl" />
    <property name="settings.editor.selected.configurable" value="preferences.pluginManager" />
  </component>
  <component name="RunDashboard">
    <option name="ruleStates">
      <list>
        <RuleState>
          <option name="name" value="ConfigurationTypeDashboardGroupingRule" />
        </RuleState>
        <RuleState>
          <option name="name" value="StatusDashboardGroupingRule" />
        </RuleState>
      </list>
    </option>
  </component>
  <component name="RunManager">
    <configuration name="Node test" type="Java Application" factoryName="Java" temporary="true">
      <myNode>
        <MyState>
          <option name="myNodePointer" value="r:a418d041-d2c1-4201-8960-b0d9554f8a14(SemanticTrelloBoard.sandbox)/8991610269464564989" />
          <option name="myNodeText" value="SemanticTrelloBoard.sandbox.test" />
        </MyState>
      </myNode>
      <myRunParameters>
        <MyState>
          <option name="myJavaRunParameters">
            <JavaRunParameters>
              <option name="jrePath" />
              <option name="programParameters" />
              <option name="useAlternativeJre" value="false" />
              <option name="vmOptions" />
              <option name="workingDirectory" value="C:\Program Files\JetBrains\MPS 2018.3" />
            </JavaRunParameters>
          </option>
        </MyState>
      </myRunParameters>
      <method v="2">
        <option name="jetbrains.mps.execution.configurations.pluginSolution.plugin.MakeNodePointers_BeforeTask" enabled="true" />
      </method>
    </configuration>
    <recent_temporary>
      <list>
        <item itemvalue="Java Application.Node test" />
      </list>
    </recent_temporary>
  </component>
  <component name="SvnConfiguration">
    <configuration />
  </component>
  <component name="ToolWindowManager">
    <frame x="-7" y="0" width="974" height="1047" extended-state="0" />
    <editor active="true" />
    <layout>
      <window_info content_ui="combo" id="Project" order="0" visible="true" weight="0.2549234" />
      <window_info id="Structure" order="1" side_tool="true" weight="0.25" />
      <window_info anchor="bottom" id="Message" order="0" />
      <window_info anchor="bottom" id="Find" order="1" />
      <window_info anchor="bottom" id="Run" order="2" weight="0.32905984" />
      <window_info anchor="bottom" id="Debug" order="3" weight="0.4" />
      <window_info anchor="bottom" id="Cvs" order="4" weight="0.25" />
      <window_info anchor="bottom" id="Inspection" order="5" weight="0.4" />
      <window_info anchor="bottom" id="TODO" order="6" />
      <window_info anchor="bottom" id="Model Checker" order="7" />
      <window_info anchor="bottom" id="Bookmarks" order="8" />
      <window_info anchor="bottom" id="Migration" order="9" />
      <window_info anchor="bottom" id="Menu Trace" order="10" />
      <window_info anchor="bottom" id="Terminal" order="11" />
      <window_info anchor="bottom" id="Event Log" order="12" side_tool="true" />
      <window_info anchor="bottom" id="Classpath Explorer" order="13" />
      <window_info anchor="bottom" id="Usages" order="14" />
      <window_info anchor="bottom" id="Node Explorer" order="15" />
      <window_info anchor="bottom" id="Module Dependencies" order="16" />
      <window_info anchor="bottom" id="Version Control" order="17" />
      <window_info anchor="bottom" id="Generation Tracer" order="18" />
      <window_info anchor="bottom" id="Cell Explorer" order="19" />
      <window_info anchor="bottom" id="Messages" order="20" weight="0.32905984" />
      <window_info anchor="bottom" id="Typechecker State" order="21" />
      <window_info anchor="bottom" id="Console" order="22" />
      <window_info anchor="bottom" id="RefactoringView" order="23" />
      <window_info anchor="bottom" id="Inspector" order="24" side_tool="true" />
      <window_info anchor="bottom" id="Dependencies Viewer" order="25" />
      <window_info anchor="right" id="Commander" internal_type="SLIDING" order="0" type="SLIDING" weight="0.4" />
      <window_info anchor="right" id="Ant Build" order="1" weight="0.25" />
      <window_info anchor="right" content_ui="combo" id="Hierarchy" order="2" weight="0.25" />
      <window_info anchor="right" id="Class Hierarchy" order="3" />
      <window_info anchor="right" id="Typesystem Trace" order="4" />
      <window_info anchor="right" id="Supertypes" order="5" />
      <window_info anchor="right" id="Context Actions" order="6" />
    </layout>
  </component>
  <component name="UsagesViewTool">
    <version id="1" />
    <tabs />
    <default_view_options>
      <options category_option="false" module_option="true" model_option="true" root_option="true" path_option="false" count_option="true" info_option="true" view_searched_nodes_option="true" group_searched_nodes_option="true" autoscroll_option="false" />
    </default_view_options>
  </component>
  <component name="editorHistoryManager">
    <entry file="mps://node://SemanticTrelloBoard@transient3/SemanticTrelloBoard.sandbox@0/TrelloBoardDSL" />
    <entry file="mps://node://SemanticTrelloBoard/SemanticTrelloBoard.sandbox/test" />
    <entry file="mps://node://SemanticTrelloBoard/SemanticTrelloBoard.sandbox/TrelloBoardDSL">
      <provider selected="true" editor-type-id="MPSFileEditor">
        <state class="jetbrains.mps.ide.editor.BaseNodeEditor$BaseEditorState">
          <memento saveSessionState="false" viewPositionX="0" viewPositionY="0">
            <selectionStack>
              <stackElement className="jetbrains.mps.nodeEditor.selection.EditorCellLabelSelection">
                <property name="hasNonTrivialSelection" value="false" />
                <property name="caretX" value="303" />
                <property name="caretXRelative" value="112" />
                <property name="sideSelectDirection" value="NONE" />
                <cellInfo cellId="property_name">
                  <node node_reference="r:a418d041-d2c1-4201-8960-b0d9554f8a14(SemanticTrelloBoard.sandbox)/4337647304562064708" />
                </cellInfo>
              </stackElement>
            </selectionStack>
            <errorMarkers />
            <transactionalProperties />
            <foldable />
            <restoreAlways />
          </memento>
          <inspectorMemento currentlyEditedNode="r:a418d041-d2c1-4201-8960-b0d9554f8a14(SemanticTrelloBoard.sandbox)/3823834025574740510" saveSessionState="false" viewPositionX="0" viewPositionY="0">
            <selectionStack />
            <errorMarkers />
            <transactionalProperties />
            <foldable />
            <restoreAlways />
            <enabledHints />
          </inspectorMemento>
        </state>
      </provider>
    </entry>
    <entry file="mps://node://SemanticTrelloBoard/org.d0sl.domain@java_stub/DomainLibrary">
      <provider selected="true" editor-type-id="MPSFileEditor">
        <state class="jetbrains.mps.ide.editor.BaseNodeEditor$BaseEditorState">
          <memento saveSessionState="false" viewPositionX="0" viewPositionY="0">
            <selectionStack>
              <stackElement className="jetbrains.mps.nodeEditor.selection.EditorCellLabelSelection">
                <property name="hasNonTrivialSelection" value="false" />
                <property name="caretX" value="15" />
                <property name="caretXRelative" value="0" />
                <property name="sideSelectDirection" value="NONE" />
                <cellInfo cellId="ALIAS_EDITOR_COMPONENT">
                  <node node_reference="30533fb8-635d-4317-b9ae-cd7d39cadd81/java:org.d0sl.domain(SemanticTrelloBoard/)/737220435338432031" />
                </cellInfo>
              </stackElement>
            </selectionStack>
            <errorMarkers />
            <transactionalProperties />
            <foldable>
              <collapsedElement isCollapsed="false">
                <cellIdElement cellId="Collection_fao2ea_a">
                  <node node_reference="30533fb8-635d-4317-b9ae-cd7d39cadd81/java:org.d0sl.domain(SemanticTrelloBoard/)/~DomainLibrary.validateMethod%28java.lang.reflect.Method%29:boolean" />
                </cellIdElement>
              </collapsedElement>
              <collapsedElement isCollapsed="false">
                <cellIdElement cellId="Collection_fao2ea_a">
                  <node node_reference="30533fb8-635d-4317-b9ae-cd7d39cadd81/java:org.d0sl.domain(SemanticTrelloBoard/)/~DomainLibrary.callBaseFunction%28java.lang.String,java.lang.String,org.d0sl.model.expression.SemanticValue...%29:org.d0sl.model.expression.SemanticValue" />
                </cellIdElement>
              </collapsedElement>
              <collapsedElement isCollapsed="false">
                <cellIdElement cellId="Collection_fao2ea_a">
                  <node node_reference="30533fb8-635d-4317-b9ae-cd7d39cadd81/java:org.d0sl.domain(SemanticTrelloBoard/)/~DomainLibrary.callBasePredicate%28java.lang.String,java.lang.String,org.d0sl.model.expression.SemanticValue...%29:org.d0sl.model.expression.LogicalConstant" />
                </cellIdElement>
              </collapsedElement>
              <collapsedElement isCollapsed="false">
                <cellIdElement cellId="Collection_fao2ea_a">
                  <node node_reference="30533fb8-635d-4317-b9ae-cd7d39cadd81/java:org.d0sl.domain(SemanticTrelloBoard/)/~DomainLibrary.loadFunctions%28java.lang.Class%29:void" />
                </cellIdElement>
              </collapsedElement>
              <collapsedElement isCollapsed="false">
                <cellIdElement cellId="Collection_fao2ea_a">
                  <node node_reference="30533fb8-635d-4317-b9ae-cd7d39cadd81/java:org.d0sl.domain(SemanticTrelloBoard/)/~DomainLibrary.loadBaseLibrary%28java.lang.Object%29:void" />
                </cellIdElement>
              </collapsedElement>
              <collapsedElement isCollapsed="false">
                <cellIdElement cellId="Collection_fao2ea_a">
                  <node node_reference="30533fb8-635d-4317-b9ae-cd7d39cadd81/java:org.d0sl.domain(SemanticTrelloBoard/)/~DomainLibrary.loadBaseLibrary%28java.lang.String%29:void" />
                </cellIdElement>
              </collapsedElement>
              <collapsedElement isCollapsed="false">
                <cellIdElement cellId="Collection_fao2ea_a">
                  <node node_reference="30533fb8-635d-4317-b9ae-cd7d39cadd81/java:org.d0sl.domain(SemanticTrelloBoard/)/~DomainLibrary.&lt;init&gt;%28org.d0sl.machine.LocalSemanticMachine%29" />
                </cellIdElement>
              </collapsedElement>
            </foldable>
            <restoreAlways />
          </memento>
          <inspectorMemento currentlyEditedNode="30533fb8-635d-4317-b9ae-cd7d39cadd81/java:org.d0sl.domain(SemanticTrelloBoard/)/737220435338432031" saveSessionState="false" viewPositionX="0" viewPositionY="0">
            <selectionStack />
            <errorMarkers />
            <transactionalProperties />
            <foldable />
            <restoreAlways />
            <enabledHints />
          </inspectorMemento>
        </state>
      </provider>
    </entry>
    <entry file="mps://node://SemanticTrelloBoard/SemanticTrelloBoard.sandbox/TrelloBoard">
      <provider selected="true" editor-type-id="MPSFileEditor">
        <state class="jetbrains.mps.ide.editor.BaseNodeEditor$BaseEditorState" editorFocused="true">
          <memento saveSessionState="false" viewPositionX="0" viewPositionY="0">
            <selectionStack>
              <stackElement className="jetbrains.mps.nodeEditor.selection.EditorCellLabelSelection">
                <property name="hasNonTrivialSelection" value="false" />
                <property name="caretX" value="127" />
                <property name="caretXRelative" value="48" />
                <property name="sideSelectDirection" value="NONE" />
                <cellInfo cellId="property_text">
                  <node node_reference="r:a418d041-d2c1-4201-8960-b0d9554f8a14(SemanticTrelloBoard.sandbox)/3823834025574740510" />
                </cellInfo>
              </stackElement>
            </selectionStack>
            <errorMarkers>
              <errorMarker text="" propertyCell="true" cellId="property_value">
                <node node_reference="r:a418d041-d2c1-4201-8960-b0d9554f8a14(SemanticTrelloBoard.sandbox)/2423104846496900679" />
              </errorMarker>
            </errorMarkers>
            <transactionalProperties />
            <foldable />
            <restoreAlways />
          </memento>
          <inspectorMemento currentlyEditedNode="r:a418d041-d2c1-4201-8960-b0d9554f8a14(SemanticTrelloBoard.sandbox)/3823834025574740510" saveSessionState="false" viewPositionX="0" viewPositionY="0">
            <selectionStack />
            <errorMarkers />
            <transactionalProperties />
            <foldable />
            <restoreAlways />
            <enabledHints />
          </inspectorMemento>
        </state>
      </provider>
    </entry>
  </component>
</project>